version,run,connections,labels,outlines,frames,elapsed_ms,allocated_bytes,geometry_builds
before,1,100,False,False,100,16.54,10048960,0
before,1,100,False,True,100,69.18,26896072,10000
before,1,100,True,False,100,920.22,140412696,0
before,1,100,True,True,100,264.39,98803832,10000
before,1,1000,False,False,100,43.16,99329672,0
before,1,1000,False,True,100,288.19,267370536,100000
before,1,1000,True,False,100,2712.23,817588472,0
before,1,1000,True,True,100,3159.70,987269912,100000
before,2,100,False,False,100,16.72,10048960,0
before,2,100,False,True,100,67.49,26896072,10000
before,2,100,True,False,100,887.49,135907528,0
before,2,100,True,True,100,260.35,98803832,10000
before,2,1000,False,False,100,44.68,99329672,0
before,2,1000,False,True,100,284.65,267370528,100000
before,2,1000,True,False,100,2608.69,817587072,0
before,2,1000,True,True,100,3102.69,987267392,100000
before,3,100,False,False,100,16.64,10048960,0
before,3,100,False,True,100,68.13,26896072,10000
before,3,100,True,False,100,887.49,125695048,0
before,3,100,True,True,100,260.03,98803832,10000
before,3,1000,False,False,100,44.36,99329672,0
before,3,1000,False,True,100,294.82,267370536,100000
before,3,1000,True,False,100,2804.09,817591808,0
before,3,1000,True,True,100,3059.12,987267672,100000
after,1,100,False,False,100,16.66,10048960,0
after,1,100,False,True,100,30.23,20016072,0
after,1,100,True,False,100,672.58,123562816,0
after,1,100,True,True,100,202.97,64979880,0
after,1,1000,False,False,100,42.89,99329672,0
after,1,1000,False,True,100,95.84,198570472,0
after,1,1000,True,False,100,1776.05,547287984,0
after,1,1000,True,True,100,1766.15,648178128,0
after,2,100,False,False,100,17.14,10048960,0
after,2,100,False,True,100,30.23,20016072,0
after,2,100,True,False,100,690.56,106677376,0
after,2,100,True,True,100,250.71,64979832,0
after,2,1000,False,False,100,42.00,99329672,0
after,2,1000,False,True,100,95.63,198570472,0
after,2,1000,True,False,100,1743.81,547287936,0
after,2,1000,True,True,100,1773.98,648175848,0
after,3,100,False,False,100,16.92,10048960,0
after,3,100,False,True,100,31.09,20016072,0
after,3,100,True,False,100,691.45,105874624,0
after,3,100,True,True,100,249.51,64979832,0
after,3,1000,False,False,100,54.36,99329672,0
after,3,1000,False,True,100,100.00,198570472,0
after,3,1000,True,False,100,1382.00,547282512,0
after,3,1000,True,True,100,2213.56,648171232,0
